Book_Name,Book_Image,Book_Price,Book_Availability
In Her Wake,../media/cache/5d/72/5d72709c6a7a9584a4d1cf07648bfce1.jpg,Â£12.84,In stock
How Music Works,../media/cache/5c/c8/5cc8e107246cb478960d4f0aba1e1c8e.jpg,Â£37.32,In stock
Foolproof Preserving: A Guide ...,../media/cache/9f/59/9f59f01fa916a7bb8f0b28a4012179a4.jpg,Â£30.52,In stock
Chase Me (Paris Nights ...,../media/cache/9c/2e/9c2e0eb8866b8e3f3b768994fd3d1c1a.jpg,Â£25.27,In stock
Black Dust,../media/cache/44/cc/44ccc99c8f82c33d4f9d2afa4ef25787.jpg,Â£34.53,In stock
Birdsong: A Story in ...,../media/cache/af/6e/af6e796160fe63e0cf19d44395c7ddf2.jpg,Â£54.64,In stock
America's Cradle of Quarterbacks: ...,../media/cache/ef/0b/ef0bed08de4e083dba5e20fdb98d9c36.jpg,Â£22.50,In stock
Aladdin and His Wonderful ...,../media/cache/d6/da/d6da0371958068bbaf39ea9c174275cd.jpg,Â£53.13,In stock
Worlds Elsewhere: Journeys Around ...,../media/cache/2e/98/2e98c332bf8563b584784971541c4445.jpg,Â£40.30,In stock
Wall and Piece,../media/cache/a5/41/a5416b9646aaa7287baa287ec2590270.jpg,Â£44.18,In stock
The Four Agreements: A ...,../media/cache/0f/7e/0f7ee69495c0df1d35723f012624a9f8.jpg,Â£17.66,In stock
The Five Love Languages: ...,../media/cache/38/c5/38c56fba316c07305643a8065269594e.jpg,Â£31.05,In stock
The Elephant Tree,../media/cache/5d/7e/5d7ecde8e81513eba8a64c9fe000744b.jpg,Â£23.82,In stock
The Bear and the ...,../media/cache/cf/bb/cfbb5e62715c6d888fd07794c9bab5d6.jpg,Â£36.89,In stock
Sophie's World,../media/cache/65/71/6571919836ec51ed54f0050c31d8a0cd.jpg,Â£15.94,In stock
Penny Maybe,../media/cache/12/53/1253c21c5ef3c6d075c5fa3f5fecee6a.jpg,Â£33.29,In stock
Maude (1883-1993):She Grew Up ...,../media/cache/f5/88/f5889d038f5d8e949b494d147c2dcf54.jpg,Â£18.02,In stock
"In a Dark, Dark ...",../media/cache/23/85/238570a1c284e730dbc737a7e631ae2b.jpg,Â£19.63,In stock
Behind Closed Doors,../media/cache/e1/5c/e15c289ba58cea38519e1281e859f0c1.jpg,Â£52.22,In stock
You can't bury them ...,../media/cache/e9/20/e9203b733126c4a0832a1c7885dc27cf.jpg,Â£33.63,In stock
