,Product Name,Product Image,Product Price,Product Avail
0,A Light in the ...,../media/cache/2c/da/2cdad67c44b002e7ead0cc35693c0e8b.jpg,Â£51.77,In stock
1,Tipping the Velvet,../media/cache/26/0c/260c6ae16bce31c8f8c95daddd9f4a1c.jpg,Â£53.74,In stock
2,Soumission,../media/cache/3e/ef/3eef99c9d9adef34639f510662022830.jpg,Â£50.10,In stock
3,Sharp Objects,../media/cache/32/51/3251cf3a3412f53f339e42cac2134093.jpg,Â£47.82,In stock
4,Sapiens: A Brief History ...,../media/cache/be/a5/bea5697f2534a2f86a3ef27b5a8c12a6.jpg,Â£54.23,In stock
5,The Requiem Red,../media/cache/68/33/68339b4c9bc034267e1da611ab3b34f8.jpg,Â£22.65,In stock
6,The Dirty Little Secrets ...,../media/cache/92/27/92274a95b7c251fea59a2b8a78275ab4.jpg,Â£33.34,In stock
7,The Coming Woman: A ...,../media/cache/3d/54/3d54940e57e662c4dd1f3ff00c78cc64.jpg,Â£17.93,In stock
8,The Boys in the ...,../media/cache/66/88/66883b91f6804b2323c8369331cb7dd1.jpg,Â£22.60,In stock
9,The Black Maria,../media/cache/58/46/5846057e28022268153beff6d352b06c.jpg,Â£52.15,In stock
10,Starving Hearts (Triangular Trade ...,../media/cache/be/f4/bef44da28c98f905a3ebec0b87be8530.jpg,Â£13.99,In stock
11,Shakespeare's Sonnets,../media/cache/10/48/1048f63d3b5061cd2f424d20b3f9b666.jpg,Â£20.66,In stock
12,Set Me Free,../media/cache/5b/88/5b88c52633f53cacf162c15f4f823153.jpg,Â£17.46,In stock
13,Scott Pilgrim's Precious Little ...,../media/cache/94/b1/94b1b8b244bce9677c2f29ccc890d4d2.jpg,Â£52.29,In stock
14,Rip it Up and ...,../media/cache/81/c4/81c4a973364e17d01f217e1188253d5e.jpg,Â£35.02,In stock
15,Our Band Could Be ...,../media/cache/54/60/54607fe8945897cdcced0044103b10b6.jpg,Â£57.25,In stock
16,Olio,../media/cache/55/33/553310a7162dfbc2c6d19a84da0df9e1.jpg,Â£23.88,In stock
17,Mesaerion: The Best Science ...,../media/cache/09/a3/09a3aef48557576e1a85ba7efea8ecb7.jpg,Â£37.59,In stock
18,Libertarianism for Beginners,../media/cache/0b/bc/0bbcd0a6f4bcd81ccb1049a52736406e.jpg,Â£51.33,In stock
19,It's Only the Himalayas,../media/cache/27/a5/27a53d0bb95bdd88288eaf66c9230d7e.jpg,Â£45.17,In stock
20,In Her Wake,../media/cache/5d/72/5d72709c6a7a9584a4d1cf07648bfce1.jpg,Â£12.84,In stock
21,How Music Works,../media/cache/5c/c8/5cc8e107246cb478960d4f0aba1e1c8e.jpg,Â£37.32,In stock
22,Foolproof Preserving: A Guide ...,../media/cache/9f/59/9f59f01fa916a7bb8f0b28a4012179a4.jpg,Â£30.52,In stock
23,Chase Me (Paris Nights ...,../media/cache/9c/2e/9c2e0eb8866b8e3f3b768994fd3d1c1a.jpg,Â£25.27,In stock
24,Black Dust,../media/cache/44/cc/44ccc99c8f82c33d4f9d2afa4ef25787.jpg,Â£34.53,In stock
25,Birdsong: A Story in ...,../media/cache/af/6e/af6e796160fe63e0cf19d44395c7ddf2.jpg,Â£54.64,In stock
26,America's Cradle of Quarterbacks: ...,../media/cache/ef/0b/ef0bed08de4e083dba5e20fdb98d9c36.jpg,Â£22.50,In stock
27,Aladdin and His Wonderful ...,../media/cache/d6/da/d6da0371958068bbaf39ea9c174275cd.jpg,Â£53.13,In stock
28,Worlds Elsewhere: Journeys Around ...,../media/cache/2e/98/2e98c332bf8563b584784971541c4445.jpg,Â£40.30,In stock
29,Wall and Piece,../media/cache/a5/41/a5416b9646aaa7287baa287ec2590270.jpg,Â£44.18,In stock
30,The Four Agreements: A ...,../media/cache/0f/7e/0f7ee69495c0df1d35723f012624a9f8.jpg,Â£17.66,In stock
31,The Five Love Languages: ...,../media/cache/38/c5/38c56fba316c07305643a8065269594e.jpg,Â£31.05,In stock
32,The Elephant Tree,../media/cache/5d/7e/5d7ecde8e81513eba8a64c9fe000744b.jpg,Â£23.82,In stock
33,The Bear and the ...,../media/cache/cf/bb/cfbb5e62715c6d888fd07794c9bab5d6.jpg,Â£36.89,In stock
34,Sophie's World,../media/cache/65/71/6571919836ec51ed54f0050c31d8a0cd.jpg,Â£15.94,In stock
35,Penny Maybe,../media/cache/12/53/1253c21c5ef3c6d075c5fa3f5fecee6a.jpg,Â£33.29,In stock
36,Maude (1883-1993):She Grew Up ...,../media/cache/f5/88/f5889d038f5d8e949b494d147c2dcf54.jpg,Â£18.02,In stock
37,"In a Dark, Dark ...",../media/cache/23/85/238570a1c284e730dbc737a7e631ae2b.jpg,Â£19.63,In stock
38,Behind Closed Doors,../media/cache/e1/5c/e15c289ba58cea38519e1281e859f0c1.jpg,Â£52.22,In stock
39,You can't bury them ...,../media/cache/e9/20/e9203b733126c4a0832a1c7885dc27cf.jpg,Â£33.63,In stock
40,Slow States of Collapse: ...,../media/cache/72/41/72417db983862010ef0c1a25de98c7d7.jpg,Â£57.31,In stock
41,Reasons to Stay Alive,../media/cache/cb/bd/cbbdb0222ee8a0f6ab61657412a15794.jpg,Â£26.41,In stock
42,Private Paris (Private #10),../media/cache/9d/05/9d0533bae1578846d728a82913b95c26.jpg,Â£47.61,In stock
43,#HigherSelfie: Wake Up Your ...,../media/cache/9c/46/9c463c7631c82401160fd3b554b8f0e1.jpg,Â£23.11,In stock
44,Without Borders (Wanderlove #1),../media/cache/24/e2/24e2f5c9d325c4004d8190c054da86dd.jpg,Â£45.07,In stock
45,When We Collided,../media/cache/08/04/08044269fc197645268a6197c57e6173.jpg,Â£31.77,In stock
46,"We Love You, Charlie ...",../media/cache/5f/15/5f152afdbc42356ecba02f61058a7e5b.jpg,Â£50.27,In stock
47,Untitled Collection: Sabbath Poems ...,../media/cache/f9/3b/f93b4a650f03a5d21f2436d7813f42c2.jpg,Â£14.27,In stock
48,Unseen City: The Majesty ...,../media/cache/41/a2/41a20f35adf0caea24f208dc01ad7681.jpg,Â£44.18,In stock
49,Unicorn Tracks,../media/cache/76/8e/768ea5924ac1ef6297c2be9959c796c2.jpg,Â£18.78,In stock
50,Unbound: How Eight Technologies ...,../media/cache/4a/3b/4a3b055f9e378a95fedbef55e7bab7ce.jpg,Â£25.52,In stock
51,Tsubasa: WoRLD CHRoNiCLE 2 ...,../media/cache/36/df/36df4caaf1420b1183a8235355d39e69.jpg,Â£16.28,In stock
52,Throwing Rocks at the ...,../media/cache/03/86/038650c9e7517b4baf2a423cd8eed38f.jpg,Â£31.12,In stock
53,This One Summer,../media/cache/c4/dd/c4ddd9ced89966b0602ec85e00cd5b61.jpg,Â£19.49,In stock
54,Thirst,../media/cache/c4/0a/c40a64f59e7487b1a80a049f6ceb2ba5.jpg,Â£17.27,In stock
55,The Torch Is Passed: ...,../media/cache/33/e5/33e507172541628acfd421503196b578.jpg,Â£19.09,In stock
56,The Secret of Dreadwillow ...,../media/cache/c4/a2/c4a2a1a026c67bcceb5a411c724d7d0c.jpg,Â£56.13,In stock
57,The Pioneer Woman Cooks: ...,../media/cache/b7/f4/b7f4843dbe062d44be1ffcfa16b2faa4.jpg,Â£56.41,In stock
58,The Past Never Ends,../media/cache/89/b8/89b850edb01851a91f64ba114b96acb6.jpg,Â£56.50,In stock
59,The Natural History of ...,../media/cache/5d/7f/5d7f496cdf5e5962a73ecdcc1505c1d5.jpg,Â£45.22,In stock
60,The Nameless City (The ...,../media/cache/f4/79/f479de5f305c2ac0512702cf7155bb74.jpg,Â£38.16,In stock
61,The Murder That Never ...,../media/cache/dc/44/dc44f8e2aebac48ca8553814d9b021a8.jpg,Â£54.11,In stock
62,The Most Perfect Thing: ...,../media/cache/d4/8d/d48d5122a15347e9fe2b15ad354d69bf.jpg,Â£42.96,In stock
63,The Mindfulness and Acceptance ...,../media/cache/f8/6d/f86d08178e3788563ac17be5aefd29f0.jpg,Â£23.89,In stock
64,The Life-Changing Magic of ...,../media/cache/95/64/95647d6a526bf54120b9445e124794e1.jpg,Â£16.77,In stock
65,The Inefficiency Assassin: Time ...,../media/cache/75/dc/75dce2f5949b407161f37f0af249b018.jpg,Â£20.59,In stock
66,The Gutsy Girl: Escapades ...,../media/cache/64/15/641570cd7e7aded53c7d33d78a9629f1.jpg,Â£37.13,In stock
67,The Electric Pencil: Drawings ...,../media/cache/2e/23/2e236e23ad52aa74505f224f6552eda8.jpg,Â£56.06,In stock
68,The Death of Humanity: ...,../media/cache/71/df/71df730cf38c232ee58a2e407135f055.jpg,Â£58.11,In stock
69,The Bulletproof Diet: Lose ...,../media/cache/ee/3e/ee3e219d23e73ba71c79b700f183aaed.jpg,Â£49.05,In stock
70,The Art Forger,../media/cache/70/fa/70fa6c0437d9c97dbeada6bd32bf9d2c.jpg,Â£40.76,In stock
71,The Age of Genius: ...,../media/cache/2d/4e/2d4e358712e6c9f1d3bdd78d1a16e5a8.jpg,Â£19.73,In stock
72,The Activist's Tao Te ...,../media/cache/96/db/96db61bb53930c560fb4c1c62b583816.jpg,Â£32.24,In stock
73,Spark Joy: An Illustrated ...,../media/cache/f3/4f/f34ffb24cc21c9f9f52dad4fd8f3ac21.jpg,Â£41.83,In stock
74,Soul Reader,../media/cache/69/85/69852567cf97264a1442cbc882c84903.jpg,Â£39.58,In stock
75,Security,../media/cache/da/df/dadfac66a89774b46b10225362724c83.jpg,Â£39.25,In stock
76,"Saga, Volume 6 (Saga ...",../media/cache/43/ae/43aee83ebb31e2122a7215e413770e5c.jpg,Â£25.02,In stock
77,"Saga, Volume 5 (Saga ...",../media/cache/e1/ea/e1ea6cb36e62ae6dc7b805f68ab9a700.jpg,Â£51.04,In stock
78,Reskilling America: Learning to ...,../media/cache/97/f8/97f8debeeaaece9603267653076e760f.jpg,Â£19.83,In stock
79,"Rat Queens, Vol. 3: ...",../media/cache/f3/ef/f3efd43ae0fa85d9b325d5e8783e7af5.jpg,Â£50.40,In stock
80,"Princess Jellyfish 2-in-1 Omnibus, ...",../media/cache/78/0b/780b2c28122750c2c383846155815bf7.jpg,Â£13.61,In stock
81,Princess Between Worlds (Wide-Awake ...,../media/cache/b7/e8/b7e84b78be3d9bb79b71156a5e5d4e42.jpg,Â£13.34,In stock
82,"Pop Gun War, Volume ...",../media/cache/c8/2f/c82f629a31b3f47bdb17ac14aa51076d.jpg,Â£18.97,In stock
83,"Political Suicide: Missteps, Peccadilloes, ...",../media/cache/64/44/6444dacdcb9edaadbbd691524622aeb8.jpg,Â£36.28,In stock
84,Patience,../media/cache/01/72/01726c619a05114dca75bd840095016d.jpg,Â£10.16,In stock
85,"Outcast, Vol. 1: A ...",../media/cache/cb/00/cb004189f548d75ad430d3ed19e6daa9.jpg,Â£15.44,In stock
86,orange: The Complete Collection ...,../media/cache/03/88/03886a8502ca54dbce0d91c2568ab69d.jpg,Â£48.41,In stock
87,Online Marketing for Busy ...,../media/cache/ea/9b/ea9b2cb8abbb317402e618445bade1e1.jpg,Â£46.35,In stock
88,On a Midnight Clear,../media/cache/a1/14/a114d70e7babf110ba42a389078e9a45.jpg,Â£14.07,In stock
89,Obsidian (Lux #1),../media/cache/fc/72/fc72f158554b4b4164701e1dfa1153c7.jpg,Â£14.86,In stock
90,My Paris Kitchen: Recipes ...,../media/cache/f5/65/f565af3d9dd20a1ad72a1e7c4157387d.jpg,Â£33.37,In stock
91,Masks and Shadows,../media/cache/ff/e8/ffe81bf98f8386ef29e193abfb6f9c1e.jpg,Â£56.40,In stock
92,Mama Tried: Traditional Italian ...,../media/cache/10/c6/10c61093002db1fec4089d8076678624.jpg,Â£14.02,In stock
93,"Lumberjanes, Vol. 2: Friendship ...",../media/cache/d3/15/d3158e8d3546fb90cced3c1d44a92a34.jpg,Â£46.91,In stock
94,"Lumberjanes, Vol. 1: Beware ...",../media/cache/7e/a0/7ea062007ef00107e3c16d336b41fab2.jpg,Â£45.61,In stock
95,Lumberjanes Vol. 3: A ...,../media/cache/5f/b1/5fb1bf88dcfda795606745ce35be5975.jpg,Â£19.92,In stock
96,"Layered: Baking, Building, and ...",../media/cache/98/d1/98d1c979c4bac9e147a6718946578b0f.jpg,Â£40.11,In stock
97,Judo: Seven Steps to ...,../media/cache/5f/52/5f52b1bc6d45daab2e330c744feb0359.jpg,Â£53.90,In stock
98,Join,../media/cache/93/63/9363f0065fbad5689f44fcf6e203eef3.jpg,Â£35.67,In stock
99,In the Country We ...,../media/cache/fe/ea/feeafd2ad7b3077f8e74cbb1da9e3c7d.jpg,Â£22.00,In stock
