product_price,product_availability,product_img,product_url,Product Name,Product_Description,UPC,Product Type,Price (excl. tax),Price (incl. tax),Tax,Availability,Number of reviews,product_reviews_star_no
Â£12.84,In stock,../media/cache/5d/72/5d72709c6a7a9584a4d1cf07648bfce1.jpg,https://books.toscrape.com/catalogue/in-her-wake_980/index.html,In Her Wake,"A perfect life â¦ until she discovered it wasnât her own.A tragic family event reveals devastating news that rips apart Bellaâs comfortable existence. Embarking on a personal journey to uncover the truth, she faces a series of traumatic discoveries that take her to the ruggedly beautiful Cornish coast, where hidden truths, past betrayals and a 25-year-old mystery threaten n A perfect life â¦ until she discovered it wasnât her own.A tragic family event reveals devastating news that rips apart Bellaâs comfortable existence. Embarking on a personal journey to uncover the truth, she faces a series of traumatic discoveries that take her to the ruggedly beautiful Cornish coast, where hidden truths, past betrayals and a 25-year-old mystery threaten not just her identity, but also her life.Chilling, complex and profoundly moving, In Her Wake is a gripping psychological thriller that questions the nature of family â and reminds us that sometimes the most shocking crimes are committed closest to home. ...more",23356462d1320d61,Books,Â£12.84,Â£12.84,Â£0.00,In stock (19 available),0,One
Â£37.32,In stock,../media/cache/5c/c8/5cc8e107246cb478960d4f0aba1e1c8e.jpg,https://books.toscrape.com/catalogue/how-music-works_979/index.html,How Music Works,"How Music Works is David Byrneâs remarkable and buoyant celebration of a subject he has spent a lifetime thinking about. In it he explores how profoundly music is shaped by its time and place, and he explains how the advent of recording technology in the twentieth century forever changed our relationship to playing, performing, and listening to music.Acting as historian an How Music Works is David Byrneâs remarkable and buoyant celebration of a subject he has spent a lifetime thinking about. In it he explores how profoundly music is shaped by its time and place, and he explains how the advent of recording technology in the twentieth century forever changed our relationship to playing, performing, and listening to music.Acting as historian and anthropologist, raconteur and social scientist, he searches for patternsâand shows how those patterns have affected his own work over the years with Talking Heads and his many collaborators, from Brian Eno to Caetano Veloso. Byrne sees music as part of a larger, almost Darwinian pattern of adaptations and responses to its cultural and physical context. His range is panoptic, taking us from Wagnerian opera houses to African villages, from his earliest high school reel-to-reel recordings to his latest work in a home music studio (and all the big studios in between).Touching on the joy, the physics, and even the business of making music, How Music Works is a brainy, irresistible adventure and an impassioned argument about musicâs liberating, life-affirming power. ...more",327f68a59745c102,Books,Â£37.32,Â£37.32,Â£0.00,In stock (19 available),0,Two
Â£30.52,In stock,../media/cache/9f/59/9f59f01fa916a7bb8f0b28a4012179a4.jpg,https://books.toscrape.com/catalogue/foolproof-preserving-a-guide-to-small-batch-jams-jellies-pickles-condiments-and-more-a-foolproof-guide-to-making-small-batch-jams-jellies-pickles-condiments-and-more_978/index.html,"Foolproof Preserving: A Guide to Small Batch Jams, Jellies, Pickles, Condiments, and More: A Foolproof Guide to Making Small Batch Jams, Jellies, Pickles, Condiments, and More","Canning perfected the Americaâs Test Kitchen way. The art of preserving produce by canning and preserving has come full circle from grandmother's kitchen to a whole new generation now eager to learn it. This detailed guide to home preserving is perfect for novice canners and experts alike and offers more than 100 foolproof recipes across a wide range of categories, from sw Canning perfected the Americaâs Test Kitchen way. The art of preserving produce by canning and preserving has come full circle from grandmother's kitchen to a whole new generation now eager to learn it. This detailed guide to home preserving is perfect for novice canners and experts alike and offers more than 100 foolproof recipes across a wide range of categories, from sweet jams and jellies to savory jams, vegetables, condiments, pickles, whole fruits, and more. Let the experts at America's Test Kitchen show you how to do it right with detailed tutorials, troubleshooting tips, equipment information, and insight into the science behind canning. ...more",5674a18a29a43ced,Books,Â£30.52,Â£30.52,Â£0.00,In stock (19 available),0,Three
Â£25.27,In stock,../media/cache/9c/2e/9c2e0eb8866b8e3f3b768994fd3d1c1a.jpg,https://books.toscrape.com/catalogue/chase-me-paris-nights-2_977/index.html,Chase Me (Paris Nights #2),"A Michelin two-star chef at twenty-eight, Violette Lenoir could handle anything, including a cocky burglar who broke into her restaurant in the middle of the night.Or so she thought.Elite counterterrorist operative Chase âSmithâ had been through things that made Hell Week look easy. But nothing had prepared him for a leather-clad blonde who held him at bay at knifepoint an A Michelin two-star chef at twenty-eight, Violette Lenoir could handle anything, including a cocky burglar who broke into her restaurant in the middle of the night.Or so she thought.Elite counterterrorist operative Chase âSmithâ had been through things that made Hell Week look easy. But nothing had prepared him for a leather-clad blonde who held him at bay at knifepoint and dared him to take her on.Now if only saving the world didnât require he ruin her life.Two people who thought they could handle anything now have to take on each other. It's a battle neither one expected. But with their futures on the line, they have nothing to lose...but their hearts.Warning: This book contains one arrogant Navy SEAL, nights of Paris passion, and a woman who wants to have it all. ...more",c2e46a2ee3b4a322,Books,Â£25.27,Â£25.27,Â£0.00,In stock (19 available),0,Five
Â£34.53,In stock,../media/cache/44/cc/44ccc99c8f82c33d4f9d2afa4ef25787.jpg,https://books.toscrape.com/catalogue/black-dust_976/index.html,Black Dust,"No matter how busy he keeps himself, successful Broadway musician Tobias Spence canât outrun the memory of a tragic car crash from his past that claimed a friendâs life and permanently injured his former boyfriend, Emmett.Even after losing Tobias, Emmett Henderson made peace with that awful night, living in his Indiana hometown where he has become a revered choral director No matter how busy he keeps himself, successful Broadway musician Tobias Spence canât outrun the memory of a tragic car crash from his past that claimed a friendâs life and permanently injured his former boyfriend, Emmett.Even after losing Tobias, Emmett Henderson made peace with that awful night, living in his Indiana hometown where he has become a revered choral director. When his students are asked to perform in New York City, he decides to chance reconnecting with his former love, if for no other reason than to get a proper goodbye.When Emmett and Tobias finally meet 15 years after parting ways, it is clear to both of them that their feelings for each other have not changed. As they explore their renewed relationship, the two men face old hurts and the new challenges of a long-distance romance. Will Tobias lose his second chance at love to the ghosts he canât seem to put to rest? ...more",00bfed9e18bb36f3,Books,Â£34.53,Â£34.53,Â£0.00,In stock (19 available),0,Five
Â£54.64,In stock,../media/cache/af/6e/af6e796160fe63e0cf19d44395c7ddf2.jpg,https://books.toscrape.com/catalogue/birdsong-a-story-in-pictures_975/index.html,Birdsong: A Story in Pictures,"Bring the thrilling story of one red bird to life. When an innocent bird meets two cruel kids, their world is forever changed. But exactly how that change unfolds is up to you, in the tradition of KamishibaiâJapanese paper theater. The wordless story by master cartoonist James Sturm is like a haikuâthe elegant images leave space for children to inhabit this timeless taleâa Bring the thrilling story of one red bird to life. When an innocent bird meets two cruel kids, their world is forever changed. But exactly how that change unfolds is up to you, in the tradition of KamishibaiâJapanese paper theater. The wordless story by master cartoonist James Sturm is like a haikuâthe elegant images leave space for children to inhabit this timeless taleâand make it their own, leading them to learn an ultimate lesson they'll never forget.James Sturm is the author of several books for kids including the Adventures in Cartooning series (with Andrew Arnold and Alexis Frederick-Frost) and the forthcoming Ape and Armadillo. James also helped start a college for cartoonists, The Center for Cartoon Studies, in the small railroad village of White River Junction, Vermont. ...more",9528d0948525bf5f,Books,Â£54.64,Â£54.64,Â£0.00,In stock (19 available),0,Three
Â£22.50,In stock,../media/cache/ef/0b/ef0bed08de4e083dba5e20fdb98d9c36.jpg,https://books.toscrape.com/catalogue/americas-cradle-of-quarterbacks-western-pennsylvanias-football-factory-from-johnny-unitas-to-joe-montana_974/index.html,America's Cradle of Quarterbacks: Western Pennsylvania's Football Factory from Johnny Unitas to Joe Montana,"Any fan of the Baltimore Colts of my era, any fan of my friend and teammate Johnny Unitas, or, for that matter, any fan of football in general should enjoy Wayne Stewart's book. It contains great stories, statistics, and information on all of the many great quarterbacks whocame out of Western Pennsylvania and much more. Raymond Berry NFL Hall of Fame Wide Receiver Itâs wel Any fan of the Baltimore Colts of my era, any fan of my friend and teammate Johnny Unitas, or, for that matter, any fan of football in general should enjoy Wayne Stewart's book. It contains great stories, statistics, and information on all of the many great quarterbacks whocame out of Western Pennsylvania and much more. Raymond Berry NFL Hall of Fame Wide Receiver Itâs well known that the NFL has been dominated through the years by quarterbacks sown and grown in a relatively small area surrounding the city of Pittsburgh in Western Pennsylvania. In Americaâs Cradle of Quarterbacks, author Wayne Stewart not only tells us who they are, he digs deep to explain the nature and nurture behind the rich harvest of signal callers (Montana, Unitas, Marino, Namath, Kelly, Blanda, etc.) who have risen from that fertile soil to claim Lombardi Trophies and dominate the gallery of busts in the Pro Football Hall of Fame. Stewart has written a fascinating book that belongs on the shelves of football historians and everyday fans alike. Jeffrey J. Miller Author of Rockinâ The Rockpile, BuffaloâsForgotten Champions, and Game Changers ...more",c7d160c2c0de586f,Books,Â£22.50,Â£22.50,Â£0.00,In stock (19 available),0,Three
Â£53.13,In stock,../media/cache/d6/da/d6da0371958068bbaf39ea9c174275cd.jpg,https://books.toscrape.com/catalogue/aladdin-and-his-wonderful-lamp_973/index.html,Aladdin and His Wonderful Lamp,"Planning on seeing Aladdin the Disney musical? Read the classic story of ""Aladdin and his Wonderful Lamp"" in this sparkling new edition by Harpendore. Synopsis: Aladdin is a poor boy who lives with his mother in the ancient kingdom of Cathay. One day a strange man appears offering untold riches! Aladdin is not so sure, yet he's sorely tempted. Join Aladdin on his incredib Planning on seeing Aladdin the Disney musical? Read the classic story of ""Aladdin and his Wonderful Lamp"" in this sparkling new edition by Harpendore. Synopsis: Aladdin is a poor boy who lives with his mother in the ancient kingdom of Cathay. One day a strange man appears offering untold riches! Aladdin is not so sure, yet he's sorely tempted. Join Aladdin on his incredible adventures and visit the cave of treasures. A world of magic awaits you, but watch your step - there's mischief lurking at every turn! The Arabian Nights (also known as The One Thousand and One Nights) is an ancient collection of tales that have existed for thousands of years. Harpendore's Arabian Nights Adventures are beautifully retold versions of these ancient classics that are specially designed to appeal to children aged seven years and above. They are written in a warm and accessible style and include wonderful illustrations inside. With mischief and magic in equal measure, this series is sure to captivate readers everywhere. The Arabian Nights Adventures series is being released throughout 2016 and 2017. Stories to be included are: The Adventures of Prince Camar & Princess Badoura Aladdin and his Wonderful Lamp Gulnare of the Sea Ali Baba and the Forty Thieves The Seven Voyages of Sinbad the Sailor The Enchanted Horse The Talking Bird, the Singing Tree and the Golden Water The Merchant and the Genie The Tale of Zubaidah and the Three Qalandars The Adventures of Harun al-Rashid, Caliph of Baghdad The Three Princes, the Princess and the Jinni Pari Banou The Fisherman and the Genie The King's Jester (also known as The Little Hunchback) ...more",904208d6aa64b655,Books,Â£53.13,Â£53.13,Â£0.00,In stock (19 available),0,Three
Â£40.30,In stock,../media/cache/2e/98/2e98c332bf8563b584784971541c4445.jpg,https://books.toscrape.com/catalogue/worlds-elsewhere-journeys-around-shakespeares-globe_972/index.html,Worlds Elsewhere: Journeys Around Shakespeareâs Globe,"Anti-apartheid activist, Bollywood screenwriter, Nazi pin-up, hero of the Wild West: this is Shakespeare as you have never seen him before.From the sixteenth-century Baltic to the American Revolution, from colonial India to the skyscrapers of modern-day Shanghai, Shakespeareâs plays appear at the most fascinating of times and in the most unexpected of places. No other writ Anti-apartheid activist, Bollywood screenwriter, Nazi pin-up, hero of the Wild West: this is Shakespeare as you have never seen him before.From the sixteenth-century Baltic to the American Revolution, from colonial India to the skyscrapers of modern-day Shanghai, Shakespeareâs plays appear at the most fascinating of times and in the most unexpected of places. No other writerâs work has been performed, translated, adapted and altered in such a remarkable variety of cultures and languages. But what is it about William Shakespeare â a man from Warwickshire who never once set foot outside England â that has made him at home in so many places around the globe?Travelling across four continents, six countries and 400 years, Andrew Dickson takes us on a personal journey rich in insight and surprise. We enter the air-conditioned vault deep beneath Capitol Hill where the worldâs largest collection of First Folios is stored; discover the shadowy history of Joseph Goebbelsâs obsession with Shakespeare; and uncover the true story behind the scuffed edition in which Nelson Mandela and fellow Robben Island prisoners inscribed their names. Both cultural history and literary travelogue, Worlds Elsewhere is an attempt to understand how Shakespeare has become the international phenomenon he is â and why.""There were very few pages on which I didnât learn something new or revelatory. A must-read for anyone interested in Shakespeareâs impact on people and politics around the globe"" (James Shapiro, author of 1599: A Year in the Life of William Shakespeare)""Immensely well-informed and highly readable. A revelatory journey of cultural exploration"" (Professor Stanley Wells, General Editor of the Oxford and Penguin Shakespeares)""Brilliantly original. Absolutely engaging, witty and irresistible. Whatâs most remarkable: heâs said something new about Shakespeare"" (Michael Pye, author of The Edge of the World)""A truly original book about Shakespeare: one that explores the dramatist's global reach with tenacity, devotion and an exhilarating spirit of adventure"" (Michael Billington) ...more",4c28def39d850cdf,Books,Â£40.30,Â£40.30,Â£0.00,In stock (18 available),0,Five
Â£44.18,In stock,../media/cache/a5/41/a5416b9646aaa7287baa287ec2590270.jpg,https://books.toscrape.com/catalogue/wall-and-piece_971/index.html,Wall and Piece,"Banksy, Britain's now-legendary ""guerilla"" street artist, has painted the walls, streets, and bridges of towns and cities throughout the world. Not only did he smuggle his pieces into four of New York City's major art museums, he's also ""hung"" his work at London's Tate Gallery and adorned Israel's West Bank barrier with satirical images. Banksy's identity remains unknown, Banksy, Britain's now-legendary ""guerilla"" street artist, has painted the walls, streets, and bridges of towns and cities throughout the world. Not only did he smuggle his pieces into four ofÂ  New York City's major art museums, he's also ""hung"" his work at London's Tate Gallery and adorned Israel's West Bank barrier with satirical images. Banksy's identity remains unknown, but his work is unmistakableâwith prints selling for as much as $45,000. ...more",ccd9ffa25efabdea,Books,Â£44.18,Â£44.18,Â£0.00,In stock (18 available),0,Four
Â£17.66,In stock,../media/cache/0f/7e/0f7ee69495c0df1d35723f012624a9f8.jpg,https://books.toscrape.com/catalogue/the-four-agreements-a-practical-guide-to-personal-freedom_970/index.html,The Four Agreements: A Practical Guide to Personal Freedom,"In The Four Agreements, don Miguel Ruiz reveals the source of self-limiting beliefs that rob us of joy and create needless suffering. Based on ancient Toltec wisdom, the Four Agreements offer a powerful code of conduct that can rapidly transform our lives to a new experience of freedom, true happiness, and love. The Four Agreements are: Be Impeccable With Your Word, Don't In The Four Agreements, don Miguel Ruiz reveals the source of self-limiting beliefs that rob us of joy and create needless suffering. Based on ancient Toltec wisdom, the Four Agreements offer a powerful code of conduct that can rapidly transform our lives to a new experience of freedom, true happiness, and love. The Four Agreements are: Be Impeccable With Your Word, Don't Take Anything Personally, Don't Make Assumptions, Always Do Your Best. ...more",6258a1f6a6dcfe50,Books,Â£17.66,Â£17.66,Â£0.00,In stock (18 available),0,Five
Â£31.05,In stock,../media/cache/38/c5/38c56fba316c07305643a8065269594e.jpg,https://books.toscrape.com/catalogue/the-five-love-languages-how-to-express-heartfelt-commitment-to-your-mate_969/index.html,The Five Love Languages: How to Express Heartfelt Commitment to Your Mate,"Are you and your spouse speaking the same language? While love is a many splendored thing, it is sometimes a very confusing thing, too. And as people come in all varieties, shapes, and sizes, so do their choices of personal expressions of love. But more often than not, the giver and the receiver express love in two different ways. This can lead to misunderstanding, quarrel Are you and your spouse speaking the same language? While love is a many splendored thing, it is sometimes a very confusing thing, too. And as people come in all varieties, shapes, and sizes, so do their choices of personal expressions of love. But more often than not, the giver and the receiver express love in two different ways. This can lead to misunderstanding, quarrels, and even divorce.Quality time, words of affirmation, gifts, acts of service, and physical touch are the five basic love languages. Dr. Gary Chapman identifies these and guides couples towards a better understanding of their unique languages of love. Learn to speak and understand your mate's love language, and in no time you will be able to effectively love and truly feel loved in return. Skillful communication is within your grasp! ...more",3c039985229453bf,Books,Â£31.05,Â£31.05,Â£0.00,In stock (18 available),0,Three
Â£23.82,In stock,../media/cache/5d/7e/5d7ecde8e81513eba8a64c9fe000744b.jpg,https://books.toscrape.com/catalogue/the-elephant-tree_968/index.html,The Elephant Tree,"Mark Fallon is an overworked detective investigating a spate of attacks at a string of high profile city centre nightclubs. Scott is a dejected 24 year old struggling to make ends meet working for his brother and supplementing his income with a small-scale drug dealing operation. Angela is an attractive 23 year old, raised by her father, a career criminal and small time dr Mark Fallon is an overworked detective investigating a spate of attacks at a string of high profile city centre nightclubs. Scott is a dejected 24 year old struggling to make ends meet working for his brother and supplementing his income with a small-scale drug dealing operation. Angela is an attractive 23 year old, raised by her father, a career criminal and small time drug dealer who supplies Scott with cannabis. This is a chilling tale spanning a few months in the lives of Scott and Angela, where realizations about the present combine with shocking revelations from the past leading to an apocalyptic climax where they no longer know whom they can trust. ...more",5dada2b7be26bd03,Books,Â£23.82,Â£23.82,Â£0.00,In stock (18 available),0,Five
Â£36.89,In stock,../media/cache/cf/bb/cfbb5e62715c6d888fd07794c9bab5d6.jpg,https://books.toscrape.com/catalogue/the-bear-and-the-piano_967/index.html,The Bear and the Piano,"One day, a young bear stumbles upon something he has never seen before in the forest. As time passes, he teaches himself how to play the strange instrument, and eventually the beautiful sounds are heard by a father and son who are picnicking in the woods. The bear goes with them on an incredible journey to New York, where his piano playing makes him a huge star. He has fam One day, a young bear stumbles upon something he has never seen before in the forest. As time passes, he teaches himself how to play the strange instrument, and eventually the beautiful sounds are heard by a father and son who are picnicking in the woods. The bear goes with them on an incredible journey to New York, where his piano playing makes him a huge star. He has fame, fortune and all the music in the world, but he misses the friends and family he has left behind. A moving tale of exploration and belonging from an exciting debut author-illustrator. ...more",9f6568e9c95f60b0,Books,Â£36.89,Â£36.89,Â£0.00,In stock (18 available),0,One
Â£15.94,In stock,../media/cache/65/71/6571919836ec51ed54f0050c31d8a0cd.jpg,https://books.toscrape.com/catalogue/sophies-world_966/index.html,Sophie's World,"A page-turning novel that is also an exploration of the great philosophical concepts of Western thought, Sophieâs World has fired the imagination of readers all over the world, with more than twenty million copies in print.One day fourteen-year-old Sophie Amundsen comes home from school to find in her mailbox two notes, with one question on each: âWho are you?â and âWhere A page-turning novel that is also an exploration of the great philosophical concepts of Western thought, Sophieâs World has fired the imagination of readers all over the world, with more than twenty million copies in print.One day fourteen-year-old Sophie Amundsen comes home from school to find in her mailbox two notes, with one question on each: âWho are you?â and âWhere does the world come from?â From that irresistible beginning, Sophie becomes obsessed with questions that take her far beyond what she knows of her Norwegian village. Through those letters, she enrolls in a kind of correspondence course, covering Socrates to Sartre, with a mysterious philosopher, while receiving letters addressed to another girl. Who is Hilde? And why does her mail keep turning up? To unravel this riddle, Sophie must use the philosophy she is learningâbut the truth turns out to be far more complicated than she could have imagined. ...more",6be3beb0793a53e7,Books,Â£15.94,Â£15.94,Â£0.00,In stock (18 available),0,Five
Â£33.29,In stock,../media/cache/12/53/1253c21c5ef3c6d075c5fa3f5fecee6a.jpg,https://books.toscrape.com/catalogue/penny-maybe_965/index.html,Penny Maybe,"Sent to yet another foster family, Penny decides that the way to claim a sense of self is to swim Lake Ontario. Although this seems impossible, she finds the courage to ask her physics teacher to be her coach, and wins the support of her new foster mother.",668fe56b17cfcd4f,Books,Â£33.29,Â£33.29,Â£0.00,In stock (18 available),0,Three
Â£18.02,In stock,../media/cache/f5/88/f5889d038f5d8e949b494d147c2dcf54.jpg,https://books.toscrape.com/catalogue/maude-1883-1993she-grew-up-with-the-country_964/index.html,Maude (1883-1993):She Grew Up with the country,"This new edition of Maude (1883-1993) has been updated by Mardo Williamsâ daughters, adding historical details their dad wished to make, twice as many photos, and nine appendices not present in the 1996 hardcover (which won an Ohioana Library Award for its author). During her 110-year lifetime, Maude went from a 400-lb. wood-burning stove to a microwave oven, from an outdo This new edition of Maude (1883-1993) has been updated by Mardo Williamsâ daughters, adding historical details their dad wished to make, twice as many photos, and nine appendices not present in the 1996 hardcover (which won an Ohioana Library Award for its author). During her 110-year lifetime, Maude went from a 400-lb. wood-burning stove to a microwave oven, from an outdoor privy to indoor plumbing. She got the vote in 1920 and voted in the next 18 Presidential elections.With poetry and human dramas (two murders and a suicide), written by a master journalist, the book shows the impact of the changing times on shy, unassuming Maude, her fun-loving husband Lee, and their four active children. They farmed 100 acres on the banks of Rush Creek in Logan County (Ohio).A favorite with book discussion groups, Maude has been adopted by several colleges for use as a supplemental American history text. ...more",094b269567e1c300,Books,Â£18.02,Â£18.02,Â£0.00,In stock (18 available),0,Two
Â£19.63,In stock,../media/cache/23/85/238570a1c284e730dbc737a7e631ae2b.jpg,https://books.toscrape.com/catalogue/in-a-dark-dark-wood_963/index.html,"In a Dark, Dark Wood","In a dark, dark wood Nora hasn't seen Clare for ten years. Not since Nora walked out of school one day and never went back. There was a dark, dark houseUntil, out of the blue, an invitation to Clareâs hen do arrives. Is this a chance for Nora to finally put her past behind her?And in the dark, dark house there was a dark, dark roomBut something goes wrong. Very wrong.And i In a dark, dark wood Nora hasn't seen Clare for ten years. Not since Nora walked out of school one day and never went back. There was a dark, dark houseUntil, out of the blue, an invitation to Clareâs hen do arrives. Is this a chance for Nora to finally put her past behind her?And in the dark, dark house there was a dark, dark roomBut something goes wrong. Very wrong.And in the dark, dark room.... Some things canât stay secret for ever. ...more",19ed25f4641d5efd,Books,Â£19.63,Â£19.63,Â£0.00,In stock (18 available),0,One
Â£52.22,In stock,../media/cache/e1/5c/e15c289ba58cea38519e1281e859f0c1.jpg,https://books.toscrape.com/catalogue/behind-closed-doors_962/index.html,Behind Closed Doors,"The 2016 debut bloggers can't stop raving about. Perfect for fans of The Girl on the Train and The Ice Twins Everyone knows a couple like Jack and Grace.He has looks and wealth, she has charm and elegance. You might not want to like them, but you do. Though, youâd like to get to know Grace better.But itâs difficult, because you realise Jack and Grace are never apart.Some The 2016 debut bloggers can't stop raving about. Perfect for fans of The Girl on the Train and The Ice Twins Everyone knows a couple like Jack and Grace.He has looks and wealth, she has charm and elegance. You might not want to like them, but you do. Though, youâd like to get to know Grace better.But itâs difficult, because you realise Jack and Grace are never apart.Some might call this true love. Others might ask why Grace never answers the phone. Or how she can never meet for coffee, even though she doesnât work. How she can cook such elaborate meals but remain so slim. And why there are bars on one of the bedroom windows.Sometimes, the perfect marriage is the perfect lie. ...more",be5cc846f45496fb,Books,Â£52.22,Â£52.22,Â£0.00,In stock (18 available),0,Four
Â£33.63,In stock,../media/cache/e9/20/e9203b733126c4a0832a1c7885dc27cf.jpg,https://books.toscrape.com/catalogue/you-cant-bury-them-all-poems_961/index.html,You can't bury them all: Poems,"A poetry that is at once harrowing, angry, and achingly beautiful Patrick Woodcock has spent the past seven years engaging with and being shaped by the people, politics, and landscapes of the Kurdish north of Iraq, Fort Good Hope in the Northwest Territories, and Azerbaijan. His powerful new collection offers a poetry that simultaneously explores hope and horror while doc A poetry that is at once harrowing, angry, and achingly beautiful Patrick Woodcock has spent the past seven years engaging with and being shaped by the people, politics, and landscapes of the Kurdish north of Iraq, Fort Good Hope in the Northwest Territories, and Azerbaijan. His powerful new collection offers a poetry that simultaneously explores hope and horror while documenting the transformative processes of coping. You canât bury them all follows the narratives we construct to survive the tragic failures of our humanity to their very end: everything thatâs buried by snow, dirt, and ash, just like everything thatâs buried by politics, homophobia, sexism, racism, religion; and history is resurrected, demanding to be heard and addressed.In Woodcockâs poetry, how we deal with what resurfaces is the key. What do those who suffer really mean to those who have abandoned them to small, conscience-soothing charitable donations or the occasional tweet? How can the poet, or anyone else, sleep at night knowing homosexuals are being thrown off building tops, after one steps into a hole and finds an abandoned corpse in an Azeri cemetery, or after the elders of an Aboriginal community are left helpless against those who only want to exploit them? Still, You canât bury them all demonstrates that the world is not just the horrific place the media often portrays. In each of the worlds he touches, Woodcock discovers a spirit and strength to celebrate. ...more",55f9da0c5eea2e10,Books,Â£33.63,Â£33.63,Â£0.00,In stock (17 available),0,Two
