header,link,date
CISA Releases Five Industrial Control Systems Advisories,/news-events/alerts/2025/11/04/cisa-releases-five-industrial-control-systems-advisories,"Nov 04, 2025"
CISA Adds Two Known Exploited Vulnerabilities to Catalog,/news-events/alerts/2025/11/04/cisa-adds-two-known-exploited-vulnerabilities-catalog,"Nov 04, 2025"
CISA Adds Two Known Exploited Vulnerabilities to Catalog,/news-events/alerts/2025/10/30/cisa-adds-two-known-exploited-vulnerabilities-catalog,"Oct 30, 2025"
CISA Releases Two Industrial Control Systems Advisories,/news-events/alerts/2025/10/30/cisa-releases-two-industrial-control-systems-advisories,"Oct 30, 2025"
New Guidance Released on Microsoft Exchange Server Security Best Practices,/news-events/alerts/2025/10/30/new-guidance-released-microsoft-exchange-server-security-best-practices,"Oct 30, 2025"
CISA Releases Three Industrial Control Systems Advisories,/news-events/alerts/2025/10/28/cisa-releases-three-industrial-control-systems-advisories,"Oct 28, 2025"
CISA Adds Two Known Exploited Vulnerabilities to Catalog,/news-events/alerts/2025/10/28/cisa-adds-two-known-exploited-vulnerabilities-catalog,"Oct 28, 2025"
"Microsoft Releases Out-of-Band Security Update to Mitigate Windows Server Update Service Vulnerability, CVE-2025-59287",/news-events/alerts/2025/10/24/microsoft-releases-out-band-security-update-mitigate-windows-server-update-service-vulnerability-cve,"Oct 24, 2025"
CISA Adds Two Known Exploited Vulnerabilities to Catalog,/news-events/alerts/2025/10/24/cisa-adds-two-known-exploited-vulnerabilities-catalog,"Oct 24, 2025"
CISA Releases Eight Industrial Control Systems Advisories,/news-events/alerts/2025/10/23/cisa-releases-eight-industrial-control-systems-advisories,"Oct 23, 2025"
header,link,date
CISA Adds One Known Exploited Vulnerability to Catalog,/news-events/alerts/2025/10/22/cisa-adds-one-known-exploited-vulnerability-catalog,"Oct 22, 2025"
CISA Releases 10 Industrial Control Systems Advisories,/news-events/alerts/2025/10/21/cisa-releases-10-industrial-control-systems-advisories,"Oct 21, 2025"
CISA Adds Five Known Exploited Vulnerabilities to Catalog,/news-events/alerts/2025/10/20/cisa-adds-five-known-exploited-vulnerabilities-catalog,"Oct 20, 2025"
CISA Releases Thirteen Industrial Control Systems Advisories,/news-events/alerts/2025/10/16/cisa-releases-thirteen-industrial-control-systems-advisories,"Oct 16, 2025"
CISA Directs Federal Agencies to Mitigate Vulnerabilities in F5 Devices,/news-events/alerts/2025/10/15/cisa-directs-federal-agencies-mitigate-vulnerabilities-f5-devices,"Oct 15, 2025"
CISA Adds One Known Exploited Vulnerability to Catalog,/news-events/alerts/2025/10/15/cisa-adds-one-known-exploited-vulnerability-catalog,"Oct 15, 2025"
CISA Adds Five Known Exploited Vulnerabilities to Catalog,/news-events/alerts/2025/10/14/cisa-adds-five-known-exploited-vulnerabilities-catalog,"Oct 14, 2025"
CISA Releases One Industrial Control Systems Advisory,/news-events/alerts/2025/10/14/cisa-releases-one-industrial-control-systems-advisory,"Oct 14, 2025"
CISA Releases Four Industrial Control Systems Advisories,/news-events/alerts/2025/10/09/cisa-releases-four-industrial-control-systems-advisories,"Oct 09, 2025"
CISA Adds One Known Exploited Vulnerability to Catalog,/news-events/alerts/2025/10/09/cisa-adds-one-known-exploited-vulnerability-catalog,"Oct 09, 2025"

header,link,date
CISA Releases Two Industrial Control Systems Advisories,/news-events/alerts/2025/10/07/cisa-releases-two-industrial-control-systems-advisories,"Oct 07, 2025"
CISA Adds One Known Exploited Vulnerability to Catalog,/news-events/alerts/2025/10/07/cisa-adds-one-known-exploited-vulnerability-catalog,"Oct 07, 2025"
CISA Adds Seven Known Exploited Vulnerabilities to Catalog,/news-events/alerts/2025/10/06/cisa-adds-seven-known-exploited-vulnerabilities-catalog,"Oct 06, 2025"
CISA Releases Two Industrial Control Systems Advisories,/news-events/alerts/2025/10/02/cisa-releases-two-industrial-control-systems-advisories,"Oct 02, 2025"
CISA Adds Five Known Exploited Vulnerabilities to Catalog,/news-events/alerts/2025/10/02/cisa-adds-five-known-exploited-vulnerabilities-catalog,"Oct 02, 2025"
CISA Releases Ten Industrial Control Systems Advisories,/news-events/alerts/2025/09/30/cisa-releases-ten-industrial-control-systems-advisories,"Sep 30, 2025"
CISA and UK NCSC Release Joint Guidance for Securing OT Systems,/news-events/alerts/2025/09/29/cisa-and-uk-ncsc-release-joint-guidance-securing-ot-systems,"Sep 29, 2025"
CISA Strengthens Commitment to SLTT Governments,/news-events/alerts/2025/09/29/cisa-strengthens-commitment-sltt-governments,"Sep 29, 2025"
CISA Adds Five Known Exploited Vulnerabilities to Catalog,/news-events/alerts/2025/09/29/cisa-adds-five-known-exploited-vulnerabilities-catalog,"Sep 29, 2025"
CISA Directs Federal Agencies to Identify and Mitigate Potential Compromise of Cisco Devices,/news-events/alerts/2025/09/25/cisa-directs-federal-agencies-identify-and-mitigate-potential-compromise-cisco-devices,"Sep 25, 2025"
header,link,date
CISA Releases One Industrial Control Systems Advisory,/news-events/alerts/2025/09/25/cisa-releases-one-industrial-control-systems-advisory,"Sep 25, 2025"
Widespread Supply Chain Compromise Impacting npm Ecosystem,/news-events/alerts/2025/09/23/widespread-supply-chain-compromise-impacting-npm-ecosystem,"Sep 23, 2025"
CISA Releases Advisory on Lessons Learned from an Incident Response Engagement,/news-events/alerts/2025/09/23/cisa-releases-advisory-lessons-learned-incident-response-engagement,"Sep 23, 2025"
CISA Releases Six Industrial Control Systems Advisories,/news-events/alerts/2025/09/23/cisa-releases-six-industrial-control-systems-advisories,"Sep 23, 2025"
CISA Adds One Known Exploited Vulnerability to Catalog,/news-events/alerts/2025/09/23/cisa-adds-one-known-exploited-vulnerability-catalog,"Sep 23, 2025"
CISA Shares Lessons Learned from an Incident Response Engagement,/news-events/cybersecurity-advisories/aa25-266a,"Sep 23, 2025"
SonicWall Releases Advisory for Customers after Security Incident,/news-events/alerts/2025/09/22/sonicwall-releases-advisory-customers-after-security-incident,"Sep 22, 2025"
CISA Releases Malware Analysis Report on Malicious Listener Targeting Ivanti Endpoint Manager Mobile Systems,/news-events/alerts/2025/09/18/cisa-releases-malware-analysis-report-malicious-listener-targeting-ivanti-endpoint-manager-mobile,"Sep 18, 2025"
CISA Releases Nine Industrial Control Systems Advisories,/news-events/alerts/2025/09/18/cisa-releases-nine-industrial-control-systems-advisories,"Sep 18, 2025"
Malicious Listener for Ivanti Endpoint Mobile Management Systems,/news-events/analysis-reports/ar25-261a,"Sep 18, 2025"
header,link,date
CISA Releases Eight Industrial Control Systems Advisories,/news-events/alerts/2025/09/16/cisa-releases-eight-industrial-control-systems-advisories,"Sep 16, 2025"
CISA Adds One Known Exploited Vulnerability to Catalog,/news-events/alerts/2025/09/11/cisa-adds-one-known-exploited-vulnerability-catalog,"Sep 11, 2025"
CISA Releases Eleven Industrial Control Systems Advisories,/news-events/alerts/2025/09/11/cisa-releases-eleven-industrial-control-systems-advisories,"Sep 11, 2025"
CISA Releases Fourteen Industrial Control Systems Advisories,/news-events/alerts/2025/09/09/cisa-releases-fourteen-industrial-control-systems-advisories,"Sep 09, 2025"
CISA Adds Three Known Exploited Vulnerabilities to Catalog,/news-events/alerts/2025/09/04/cisa-adds-three-known-exploited-vulnerabilities-catalog,"Sep 04, 2025"
CISA Releases Five Industrial Control Systems Advisories,/news-events/alerts/2025/09/04/cisa-releases-five-industrial-control-systems-advisories,"Sep 04, 2025"
CISA Adds Two Known Exploited Vulnerabilities to Catalog,/news-events/alerts/2025/09/03/cisa-adds-two-known-exploited-vulnerabilities-catalog,"Sep 03, 2025"
"CISA, NSA, and Global Partners Release a Shared Vision of Software Bill of Materials (SBOM) Guidance",/news-events/alerts/2025/09/03/cisa-nsa-and-global-partners-release-shared-vision-software-bill-materials-sbom-guidance,"Sep 03, 2025"
CISA Adds Two Known Exploited Vulnerabilities to Catalog,/news-events/alerts/2025/09/02/cisa-adds-two-known-exploited-vulnerabilities-catalog,"Sep 02, 2025"
CISA Releases Four Industrial Control Systems Advisories,/news-events/alerts/2025/09/02/cisa-releases-four-industrial-control-systems-advisories,"Sep 02, 2025"
