,Movie_Name,Year,Summary
0,1. The Shawshank Redemption,1994,"Reviewers say 'The Shawshank Redemption' is celebrated for its themes of hope and friendship, with exceptional performances by Tim Robbins and Morgan Freeman. Its portrayal of human spirit and institutional corruption is impactful. However, some find it overly sentimental and predictable, lacking originality. A few question its status among the greatest films due to its conventional narrative and lack of technical innovation. Its emotional resonance and timeless message remain widely acclaimed."
1,2. The Godfather,1972,"Reviewers say 'The Godfather' is acclaimed for its intricate narrative, deep character exploration, and universal themes of power, family, and loyalty. The film's deliberate pacing, iconic performances by Marlon Brando and Al Pacino, and its significant influence on the gangster genre are often lauded. Critics also praise the cinematography, memorable score by Nino Rota, and its cultural impact. However, some reviewers find it overrated, slow-moving, or morally ambiguous, reflecting a spectrum of opinions."
2,3. The Dark Knight,2008,"Reviewers say 'The Dark Knight' is celebrated for its intricate plot, stellar performances, and profound themes. Heath Ledger's Joker is often hailed as a career-defining role, overshadowing Christian Bale's Batman. The film's examination of morality and heroism is widely praised. Christopher Nolan's direction and Hans Zimmer's score enhance the experience. However, some criticize the pacing and character arcs. Despite this, it remains a pivotal film in the superhero genre."
3,4. The Godfather Part II,1974,"Reviewers say 'The Godfather Part II' is acclaimed for its narrative structure, intertwining Vito and Michael Corleone's stories. Robert De Niro and Al Pacino receive high praise for their performances. The film is celebrated for its cinematography, design, and score, offering an immersive experience. Some critics argue it surpasses the original, while others see it as a complementary piece, exploring themes of power and moral decay. A few find it slower-paced or less engaging, with some noting a lack of fresh elements. Overall, it is regarded as a cinematic achievement and one of the greatest sequels."
4,5. 12 Angry Men,1957,"Reviewers say '12 Angry Men' is acclaimed for its deep exploration of justice, prejudice, and reasonable doubt. The film is lauded for its strong ensemble cast, especially Henry Fonda's performance, and Sidney Lumet's impactful direction. Central themes include human nature, the justice system, and dialogue's power. Critics praise its engaging character interactions and moral dilemmas. Despite minor criticisms about character development and pacing, it is widely regarded as a timeless, relevant classic."
5,6. The Lord of the Rings: The Return of the King,2003,"Reviewers say 'The Lord of the Rings' trilogy, especially the extended version, is lauded for its epic scale, stunning visuals, and faithful adaptation of J.R.R. Tolkien's work. Fans cherish additional scenes that enrich the story and characters. However, some critics find the extended editions excessively long, with certain scenes disrupting narrative flow. Complaints also arise regarding character portrayals and omitted book elements. Despite these issues, the extended versions are generally seen as enhancing the experience, offering a more immersive journey through Middle-earth."
6,7. Schindler's List,1993,"Reviewers say 'Schindler's List' is acclaimed for its powerful Holocaust portrayal, highlighting human resilience and moral complexity. Strong performances by Liam Neeson, Ben Kingsley, and Ralph Fiennes, along with Steven Spielberg's direction and black-and-white cinematography, enhance its emotional and historical impact. However, some critics argue it simplifies the Holocaust, presents a clear good-evil dichotomy, and may be overly sentimental. Concerns about historical accuracy and Oskar Schindler's portrayal exist, yet it remains a significant cinematic work."
7,8. The Lord of the Rings: The Fellowship of the Ring,2001,"Reviewers say 'The Lord of the Rings: The Fellowship of the Ring' is acclaimed for its stunning visuals, groundbreaking effects, and detailed world-building. The cinematography and Howard Shore's score are praised for their immersive quality. Performances by Ian McKellen, Elijah Wood, and Viggo Mortensen are lauded for authenticity. However, some criticize the pacing, character depth, and deviations from the book. Themes of friendship, sacrifice, and good versus evil resonate strongly. The ensemble cast's chemistry is often highlighted as a significant strength."
8,9. Pulp Fiction,1994,"Reviewers say 'Pulp Fiction' is acclaimed for its inventive narrative, sharp dialogue, and standout performances by John Travolta, Samuel L. Jackson, and Uma Thurman. Themes of redemption, violence, and morality are prominent, alongside its distinctive cinematography, soundtrack, and pop culture references. The film's influence on independent cinema is significant. However, some find the violence and certain subplots unsettling, and a few consider it overrated."
9,"10. Il buono, il brutto, il cattivo",1966,"Reviewers say 'The Good, the Bad and the Ugly' is celebrated for its iconic characters, stellar performances, and Morricone's score. Leone's direction, cinematography, and moral complexity receive high praise. However, some critics note the film's length and confusing plot as drawbacks. A few reviewers mention underdeveloped characters and plain storytelling. Despite these issues, its cultural impact, visual style, and timeless appeal are often highlighted."
