name,Company linkedIn,website url,company location,company founder,Company Twitter,Company Crunchbase,Company facebook
Nue.io,http://www.linkedin.com/company/nue-io?ref=getlatka.com,//nue.io/?ref=getlatka.com,United States,Mark  Walker,,,
briq,https://www.linkedin.com/company/briqhq/?ref=getlatka.com,//briq.com/?ref=getlatka.com, (US),Ron Goldshmidt,,,
Arcads,https://www.linkedin.com/company/arcads-ai/?ref=getlatka.com,//arcads.ai/?ref=getlatka.com,France,,,,
BetterPic,,//betterpic.io/?ref=getlatka.com,Estonia,,,,
SubMagic,https://www.linkedin.com/company/submagic?ref=getlatka.com,//submagic.co/?ref=getlatka.com,France,David  Zitoun,,,
Zapmail,https://www.linkedin.com/company/zapmail-ai/?ref=getlatka.com,//zapmail.ai/?ref=getlatka.com, (US),Alan D'Souza,,,
MarsX.dev,https://www.linkedin.com/company/marsx?ref=getlatka.com,//marsx.dev/?ref=getlatka.com, (US),John Rush,https://twitter.com/marsxdev?ref=getlatka.com,,
Cal AI,https://www.linkedin.com/company/cal-ai-app/?ref=getlatka.com,//calai.app/?ref=getlatka.com, (US),Jake Castillo,,,
Capacity,https://www.linkedin.com/company/teamcapacity?ref=getlatka.com,//capacity.com/?ref=getlatka.com, (US),David Karandish,,https://www.crunchbase.com/organization/capacityai?ref=getlatka.com,
TripleDart,https://www.linkedin.com/company/tripledart-digital/about/?ref=getlatka.com,//tripledart.com/?ref=getlatka.com, (US),Shiyam Sunder,https://twitter.com/Tripledart_?ref=getlatka.com,,
Voxpopme,https://www.linkedin.com/company/voxpopme?ref=getlatka.com,//voxpopme.com/?ref=getlatka.com, (US),Andrew Barraclough,,https://www.crunchbase.com/organization/voxpopme?ref=getlatka.com,
Pendo,https://www.linkedin.com/company/pendo-io/?ref=getlatka.com,//pendo.io/?ref=getlatka.com, (US),Todd Olson,https://twitter.com/pendoio?ref=getlatka.com,https://www.crunchbase.com/organization/pendo-io?ref=getlatka.com,https://www.facebook.com/Pendoio/?ref=getlatka.com
Issuu,https://www.linkedin.com/company/issuu/?ref=getlatka.com,//issuu.com/?ref=getlatka.com, (US),,,https://www.crunchbase.com/organization/issuu?ref=getlatka.com,
Ninety.io,https://www.linkedin.com/company/ninety-io?ref=getlatka.com,//ninety.io/?ref=getlatka.com, (US),Tim Weerasiri,,https://www.crunchbase.com/organization/ninety-io-software-for-eos?ref=getlatka.com,
Reveleer,https://www.linkedin.com/company/reveleer/?ref=getlatka.com,//reveleer.com/?ref=getlatka.com, (US),,,https://www.crunchbase.com/organization/reveleer?ref=getlatka.com,
Proposify,https://www.linkedin.com/company/proposify/?ref=getlatka.com,//proposify.com/?ref=getlatka.com, (CA),Kyle Racki,,https://www.crunchbase.com/organization/proposify?ref=getlatka.com,
BrightEdge,https://www.linkedin.com/company/brightedge?ref=getlatka.com,//brightedge.com/?ref=getlatka.com, (US),Jim Yu,http://twitter.com/brightedge?ref=getlatka.com,https://www.crunchbase.com/organization/brightedge?ref=getlatka.com,https://www.facebook.com/seoplatform?ref=getlatka.com
Celigo,https://www.linkedin.com/company/celigo-inc?ref=getlatka.com,//celigo.com/?ref=getlatka.com, (US),Jan Arendtsz,https://twitter.com/celigoinc?ref=getlatka.com,https://www.crunchbase.com/organization/celigo?ref=getlatka.com,https://www.facebook.com/CeligoInc/?ref=getlatka.com
Netcore Cloud,https://www.linkedin.com/company/netcore-cloud/?ref=getlatka.com,//netcorecloud.com/?ref=getlatka.com, (IN),Rajesh Jain,https://twitter.com/netcore_cloud?ref=getlatka.com,https://www.crunchbase.com/organization/netcore-solutions?ref=getlatka.com,https://www.facebook.com/NetcoreCloud/?ref=getlatka.com
Hootsuite,https://ca.linkedin.com/company/hootsuite?ref=getlatka.com,//hootsuite.com/?ref=getlatka.com, (CA),Irina Novoselsky,https://twitter.com/hootsuite?ref=getlatka.com,https://www.crunchbase.com/organization/hootsuite?ref=getlatka.com,https://www.facebook.com/hootsuite?ref=getlatka.com
Customer.io,https://www.linkedin.com/company/customer-io/?ref=getlatka.com,//customer.io/?ref=getlatka.com, (US),Elizabeth Tse,,https://www.crunchbase.com/organization/customer-io?ref=getlatka.com,
Boomerang,https://www.linkedin.com/company/baydin?ref=getlatka.com,//boomerangapp.com/?ref=getlatka.com, (US),Mike Chin,,,
Retention.com,https://www.linkedin.com/company/retention-dot-com/?ref=getlatka.com,//retention.com/?ref=getlatka.com, (US),Keleigh Spinner,https://twitter.com/Retentiondotcom?ref=getlatka.com,,https://www.facebook.com/RetentionDotCom?ref=getlatka.com
PAR Technology,https://www.linkedin.com/company/partechnology?ref=getlatka.com,//partech.com/?ref=getlatka.com, (US),Savneet Singh,https://twitter.com/PAR_Tech?ref=getlatka.com,,https://www.facebook.com/parpointofsale/?ref=getlatka.com
Craver,https://www.linkedin.com/company/craver-solutions/?originalSubdomain=ca&ref=getlatka.com,//craverapp.com/?ref=getlatka.com, (CA),Amin  Yazdani,https://x.com/craver_app_?ref=getlatka.com,,https://www.facebook.com/craverapp/?ref=getlatka.com
GTMfund,https://www.linkedin.com/company/gtmfund/about/?ref=getlatka.com,//gtmfund.com/?ref=getlatka.com, (US),Sophie  Buonassisi,,,
Flowcase (formerly CV Partner),https://www.linkedin.com/company/cv-partner/?originalSubdomain=uk&ref=getlatka.com,//cvpartner.com/?ref=getlatka.com, (GB),Erling Linde,,,
ActiveCampaign,https://www.linkedin.com/company/activecampaign-inc-?ref=getlatka.com,//activecampaign.com/?ref=getlatka.com, (US),Jason VandeBoom,https://twitter.com/ActiveCampaign?ref=getlatka.com,https://www.crunchbase.com/organization/activecampaign?ref=getlatka.com,https://www.facebook.com/activecampaign?ref=getlatka.com
GetDynasty,https://www.linkedin.com/company/getdynasty/?ref=getlatka.com,//getdynasty.com/?ref=getlatka.com, (US),Alessandro Chesser,https://twitter.com/getdynasty_com?ref=getlatka.com,,https://www.facebook.com/getdynastycom?ref=getlatka.com
Beehiiv,https://www.linkedin.com/company/beehiiv/?ref=getlatka.com,//beehiiv.com/?ref=getlatka.com,United States,Tyler Denk,https://twitter.com/beehiiv/?ref=getlatka.com,,
SaaS Group,https://www.linkedin.com/company/saas-group/?ref=getlatka.com,//saas.group/?ref=getlatka.com, (US),Facundo Farias,https://twitter.com/SaaS_group?ref=getlatka.com,,
Flodesk,https://www.linkedin.com/company/flodesk?ref=getlatka.com,//flodesk.com/?ref=getlatka.com, (US),Rebecca Shostak,https://twitter.com/?ref=getlatka.com,,
Muck Rack,https://www.linkedin.com/company/muckrack/?ref=getlatka.com,//muckrack.com/?ref=getlatka.com, (US),Gregory Galant,,https://www.crunchbase.com/organization/muckrack?ref=getlatka.com,
Younium,https://www.linkedin.com/company/younium?ref=getlatka.com,//younium.com/?ref=getlatka.com,Sweden,Niclas Lilja,https://twitter.com/younium?ref=getlatka.com,https://www.crunchbase.com/organization/younium?ref=getlatka.com,
LMS 365,https://www.linkedin.com/company/lms365/?ref=getlatka.com,//lms365.com/?ref=getlatka.com,Denmark,Maria Herrejon Skoglund,https://twitter.com/lms365?ref=getlatka.com,,https://www.facebook.com/lms365?ref=getlatka.com
SEMrush,https://www.linkedin.com/company/semrush/?ref=getlatka.com,//semrush.com/?ref=getlatka.com, (US),Eugene Levin,https://twitter.com/semrush?ref=getlatka.com,https://www.crunchbase.com/organization/semrush?ref=getlatka.com,https://www.facebook.com/SEMrush?ref=getlatka.com
Crossbeam,https://www.linkedin.com/company/getcrossbeam?ref=getlatka.com,//crossbeam.com/?ref=getlatka.com, (US),Bob Moore,,https://www.crunchbase.com/organization/crossbeam?ref=getlatka.com,
Typeform,https://www.linkedin.com/company/typeform-com?ref=getlatka.com,//typeform.com/?ref=getlatka.com,Spain,Joaquim Lecha,https://twitter.com/typeform/?ref=getlatka.com,https://www.crunchbase.com/organization/typeform?ref=getlatka.com,https://www.facebook.com/typeform/?ref=getlatka.com
Ahrefs,https://www.linkedin.com/company/ahrefs/?ref=getlatka.com,//ahrefs.com/?ref=getlatka.com,Singapore,Dmytro Gerasymenko,https://twitter.com/ahrefs?ref=getlatka.com,https://www.crunchbase.com/organization/ahrefs?ref=getlatka.com,https://www.facebook.com/Ahrefs/?ref=getlatka.com
Goldcast,https://www.linkedin.com/company/goldcastevents?ref=getlatka.com,//goldcast.io/?ref=getlatka.com, (US),Palash Soni,https://twitter.com/goldcast?ref=getlatka.com,https://www.crunchbase.com/organization/goldcast?ref=getlatka.com,
Metadata,https://www.linkedin.com/company/metadata?ref=getlatka.com,//metadat-ai.com/?ref=getlatka.com, (US),Gil Allouche,,https://www.crunchbase.com/organization/metadata?ref=getlatka.com,
Cognism,https://www.linkedin.com/company/cognism?ref=getlatka.com,//cognism.com/?ref=getlatka.com,United Kingdom,James Isilay,https://twitter.com/Cognism?ref=getlatka.com,https://www.crunchbase.com/organization/cognism?ref=getlatka.com,https://www.facebook.com/cognism/?ref=getlatka.com
Owner.com,http://www.linkedin.com/company/owner-com?ref=getlatka.com,//owner.com/?ref=getlatka.com, (US),Adam  Guild,,,
Pavilion,https://www.linkedin.com/company/join-pavilion/?ref=getlatka.com,//joinpavilion.com/?ref=getlatka.com, (US),Tim Yandel,https://x.com/Join_Pavilion?ref=getlatka.com,,
Stack Overflow,https://www.linkedin.com/company/stack-overflow?ref=getlatka.com,//stackoverflow.com/?ref=getlatka.com, (US),Prashanth Chandrasekar,,,
Wing Assistant,https://linkedin.com/company/wingassistant?ref=getlatka.com,//wingassistant.com/?ref=getlatka.com, (US),Roland Polzin,https://twitter.com/wingassistant?ref=getlatka.com,,https://facebook.com/wingassistant?ref=getlatka.com
Railsware,https://www.linkedin.com/company/railsware/?ref=getlatka.com,//railsware.com/?ref=getlatka.com,Poland,Yaroslav Lazor,https://twitter.com/railsware?ref=getlatka.com,https://www.crunchbase.com/organization/railsware?ref=getlatka.com,https://www.facebook.com/railsware?ref=getlatka.com
WP Engine,https://www.linkedin.com/company/wpengine/?ref=getlatka.com,//wpengine.com/?ref=getlatka.com, (US),Jason Cohen,https://twitter.com/wpengine?ref=getlatka.com,https://www.crunchbase.com/organization/wp-engine?ref=getlatka.com,https://www.facebook.com/wpengine/?ref=getlatka.com
VizyPay,https://www.linkedin.com/company/vizypay/?ref=getlatka.com,//vizypay.com/?ref=getlatka.com, (US),Austin Mac Nab,,https://www.crunchbase.com/organization/vizypay?ref=getlatka.com,
ScholarshipOwl,https://www.linkedin.com/company/scholarshipowl?ref=getlatka.com,//scholarshipowl.com/?ref=getlatka.com,Serbia,David Tabachnikov,,https://www.crunchbase.com/organization/scholarshipowl?ref=getlatka.com,
m3ter,https://www.linkedin.com/company/m3ter/?ref=getlatka.com,//m3ter.com/?ref=getlatka.com, (GB),Griff Parry,,https://www.crunchbase.com/organization/m3ter?ref=getlatka.com,
Whippy,https://www.linkedin.com/company/whippyai?ref=getlatka.com,//whippy.ai/?ref=getlatka.com, (US),David Daneshgar,,,
Fundkite,https://www.linkedin.com/company/fundkite?ref=getlatka.com,//fundkite.com/?ref=getlatka.com, (US),Alex Shvarts,,,
K Looks,https://www.linkedin.com/company/klooks/?originalSubdomain=br&ref=getlatka.com,//klooks.com.br/?ref=getlatka.com,Brazil,Alexandre Abu-Jamra,,,
Bennudata,https://www.linkedin.com/company/bennudata/?ref=getlatka.com,//bennudata.com/?ref=getlatka.com, (US),Pavel Danilov,,,
RevOS,https://www.linkedin.com/company/revos-ai/?ref=getlatka.com,//revos.ai/?ref=getlatka.com,Germany,Renat Zubayrov,,,https://www.facebook.com/RevenueOperationSystem?ref=getlatka.com
Cloudbeds,https://www.linkedin.com/company/cloudbeds?ref=getlatka.com,//cloudbeds.com/?ref=getlatka.com, (US),Adam Harris,https://twitter.com/Cloudbeds?ref=getlatka.com,https://www.crunchbase.com/organization/cloudbeds?ref=getlatka.com,https://www.facebook.com/Cloudbeds/?ref=getlatka.com
Mattermore,https://www.linkedin.com/company/mattermoreai?ref=getlatka.com,//www.mattermore.ai/?ref=getlatka.com, (US),Matt Shenker,,,
Dashcomb Inc,https://www.linkedin.com/company/dashcomb-inc/?ref=getlatka.com,//dashcomb.com/?ref=getlatka.com,Japan,Tonny Xu,https://twitter.com/dashcomb_inc?ref=getlatka.com,,https://www.facebook.com/dashcomb/?ref=getlatka.com
Streamline Software,https://www.linkedin.com/company/streamline-gov/?ref=getlatka.com,//getstreamline.com/?ref=getlatka.com,United States,Rachel Stern,https://twitter.com/StreamlineGov?ref=getlatka.com,,https://www.facebook.com/streamlinegov/?ref=getlatka.com
IVA,https://www.linkedin.com/company/iva-ai/?ref=getlatka.com,//getiva.ai/?ref=getlatka.com,Estonia,Valdis Sprogis,,,
Naehas,https://www.linkedin.com/company/naehas?ref=getlatka.com,//naehas.com/?ref=getlatka.com, (US),Menka Singh,https://twitter.com/NaehasInc?ref=getlatka.com,https://www.crunchbase.com/organization/naehas?ref=getlatka.com,
Produx AI,https://www.linkedin.com/company/produxai/?ref=getlatka.com,//produx.ai/?ref=getlatka.com,United States,Tony Tom,,,
MarkMe LLC,https://www.linkedin.com/company/markme-icons/?ref=getlatka.com,//markmeicons.com/?ref=getlatka.com,Kenya,Toni Mumo,https://twitter.com/markmeicons?ref=getlatka.com,,https://www.facebook.com/markmeicons?ref=getlatka.com
Softbrik AI,https://www.linkedin.com/company/softbrikplatform?ref=getlatka.com,//softbrik.com/?ref=getlatka.com,Luxembourg,Rom C.,,https://www.crunchbase.com/organization/softbrik?ref=getlatka.com,
Code42,https://www.linkedin.com/company/code-42-software-inc?ref=getlatka.com,//code42.com/?ref=getlatka.com, (US),Joe Payne,,https://www.crunchbase.com/organization/code-42-software?ref=getlatka.com,
Aptem,https://www.linkedin.com/company/aptem?ref=getlatka.com,//aptem.co.uk/?ref=getlatka.com, (GB),Richard Alberg,https://twitter.com/AptemSolutions?ref=getlatka.com,https://www.crunchbase.com/organization/mws-technology?ref=getlatka.com,
Meahana,https://www.linkedin.com/company/meahana?ref=getlatka.com,//meahana.io/?ref=getlatka.com, (US),Matthew Archer,,,
DASS Services,https://in.linkedin.com/company/dass-services?ref=getlatka.com,//dassanalytics.com/?ref=getlatka.com, (CA),Aaron Vidas,,,
Chaser ,https://www.linkedin.com/company/chaserapp/?ref=getlatka.com,//chaseforme.com/?ref=getlatka.com, (US),Josh Martow,,,
Loom,https://www.linkedin.com/company/useloom?ref=getlatka.com,//loom.com/?ref=getlatka.com, (US),Joe Thomas,https://twitter.com/loom?ref=getlatka.com,https://www.crunchbase.com/organization/loom?ref=getlatka.com,https://www.facebook.com/useloom/?ref=getlatka.com
Umwelt.AI,https://www.linkedin.com/company/umwelt/?ref=getlatka.com,//umwelt.ai/?ref=getlatka.com, (IN),Vishal Chopra,,https://www.crunchbase.com/organization/umwelt-peopletech-solutions-private-limited?ref=getlatka.com,
SARAL,https://www.linkedin.com/company/getsaral/?ref=getlatka.com,//getsaral.com/?ref=getlatka.com,India,Yash Chavan,,,
Vervotech,https://www.linkedin.com/company/vervotech/about/?ref=getlatka.com,//vervotech.com/?ref=getlatka.com, (IN),Sanjay Ghare,https://twitter.com/vervotech?ref=getlatka.com,https://www.crunchbase.com/organization/vervotech?ref=getlatka.com,
Qela App,https://www.linkedin.com/company/qela-app?ref=getlatka.com,//qela.app/?ref=getlatka.com,Ukraine,Tamara Tachynska,,,
Quash,https://www.linkedin.com/company/quash-bugs/?ref=getlatka.com,//quashbugs.com/?ref=getlatka.com, (IN),Ameer Hamza,,,
WordLift,https://www.linkedin.com/company/wordlift?ref=getlatka.com,//wordlift.io/?ref=getlatka.com,Italy,Andrea Volpini,,https://www.crunchbase.com/organization/wordlift?ref=getlatka.com,
Binderr,https://mt.linkedin.com/company/binderr?ref=getlatka.com,//binderr.com/?ref=getlatka.com,Malta,Jacob Appel,,,
SaaStock,https://www.linkedin.com/company/saastock/?ref=getlatka.com,//saastock.com/?ref=getlatka.com, (GB),Alex Theuma,https://twitter.com/SaaStock?ref=getlatka.com,https://www.crunchbase.com/organization/saastock?ref=getlatka.com,
Avestor,https://www.linkedin.com/company/avestor-inc/?ref=getlatka.com,//avestorinc.com/?ref=getlatka.com, (US),Badri Malynur,,,https://www.facebook.com/avestor?ref=getlatka.com
OrgaNice,https://www.linkedin.com/company/organiceapp/?ref=getlatka.com,//organice.app/?ref=getlatka.com, (US),Andrew Fan,,,
Kunveno,https://www.linkedin.com/company/officialkunveno/?ref=getlatka.com,//kunveno.de/?ref=getlatka.com,Germany,Yannick Dickel,,,
MiniHotel SaaS,https://www.linkedin.com/company/minihotel?ref=getlatka.com,//minihotel.io/?ref=getlatka.com,Israel,Yuval Shtokhamer,,https://www.crunchbase.com/organization/minihotel?ref=getlatka.com,
Regpacks,https://www.linkedin.com/company/regpack?ref=getlatka.com,//regpacks.com/?ref=getlatka.com, (US),Asaf Darash,https://twitter.com/Regpack?ref=getlatka.com,https://www.crunchbase.com/organization/regpack?ref=getlatka.com,
Customers.ai,https://www.linkedin.com/company/customersai/?ref=getlatka.com,//customers.ai/?ref=getlatka.com, (US),Larry Kim,,,
Scandium Systems Inc,https://www.linkedin.com/company/getscandium/?ref=getlatka.com,//getscandium.com/?ref=getlatka.com,Nigeria,Abdulazeez Ogunjobi,,,
Agilence Inc.,https://www.linkedin.com/company/agilence-inc/?ref=getlatka.com,//agilenceinc.com/?ref=getlatka.com, (US),Russ Hawkins,,https://www.crunchbase.com/organization/agilence?ref=getlatka.com,
UserPeek,https://www.linkedin.com/company/userpeek/?ref=getlatka.com,//userpeek.com/?ref=getlatka.com, (US),Tina Banerjee,,,https://web.facebook.com/userpeekcom/?_rdc=1&_rdr=&ref=getlatka.com
Discovry,https://www.linkedin.com/company/discovry-ltd?ref=getlatka.com,//discovry.co.uk/?ref=getlatka.com, (GB),Luke Kellett,,,
Prism.fm,https://www.linkedin.com/company/prism-fm?ref=getlatka.com,//prism.fm/?ref=getlatka.com, (US),Matt Ford,https://twitter.com/prismfm?ref=getlatka.com,https://www.crunchbase.com/organization/prism.fm?ref=getlatka.com,
Revolution Design,https://www.linkedin.com/company/wearerevolutiondesign?ref=getlatka.com,//revolution.design/?ref=getlatka.com,Slovakia,Kerim Al-Lami,,,
myHQ,https://www.linkedin.com/company/myhqspace?ref=getlatka.com,//myhq.in/?ref=getlatka.com,India,Utkarsh Kawatra,,,
Magnettu,https://www.linkedin.com/company/magnettu/?ref=getlatka.com,//magnettu.com/?ref=getlatka.com,Spain,Rafael Calle,,,
Summaraize,https://www.linkedin.com/company/summaraize?ref=getlatka.com,//summaraize.com/?ref=getlatka.com, (US),Jay Desai,,https://www.crunchbase.com/organization/summaraize?ref=getlatka.com,
Troove,https://www.linkedin.com/company/trooveme/?ref=getlatka.com,//troove.me/?ref=getlatka.com, (US),David Hurwitt,,,
involve.ai,,//involve.ai/?ref=getlatka.com, (US),Gaurav Bhattacharya,https://twitter.com/involve_ai?ref=getlatka.com,https://www.crunchbase.com/organization/involveai?ref=getlatka.com,
Monite,https://www.linkedin.com/company/monitehq?ref=getlatka.com,//monite.com/?ref=getlatka.com,Germany,Ivan Maryasin,,,
Verifiet,https://www.linkedin.com/company/verifiet?ref=getlatka.com,//verifiet.com/?ref=getlatka.com, (US),Farhan Afsahi,,,
Jugl,,//jugl.com/?ref=getlatka.com, (US),Arun Kumar,,,
Shipit,,//shipit.cl/?ref=getlatka.com,Chile,Allan Guiloff,,https://www.crunchbase.com/organization/shipit?ref=getlatka.com,
